countyfp,tractce10,geoid,score,tr10,ctu_prmry,tr_ej,tr_eda,poptot_mc,pbipoc,phisppop
139,80202,27139080202,0,27139080202,Savage,0,0,6009,0.217,0.046
139,80204,27139080204,0,27139080204,Savage,0,0,3444,0.146,0.02
139,80100,27139080100,1,27139080100,Savage,0,0,2448,0.355,0.128
139,80302,27139080302,0,27139080302,Shakopee,0,0,16282,0.26,0.031
139,80400,27139080400,5,27139080400,Shakopee,1,1,4146,0.436,0.195
139,80500,27139080500,1,27139080500,Shakopee,0,1,2971,0.15,0.056
123,42401,27123042401,3,27123042401,Maplewood,0,0,6593,0.371,0.113
123,40302,27123040302,1,27123040302,White Bear Lake,0,0,5409,0.136,0.053
123,41602,27123041602,2,27123041602,Roseville,1,0,3950,0.473,0.016
123,30300,27123030300,2,27123030300,St. Paul,0,0,5945,0.178,0.032
123,31100,27123031100,8,27123031100,St. Paul,1,1,4152,0.541,0.076
123,42102,27123042102,2,27123042102,Little Canada,0,0,4717,0.41,0.036
123,40200,27123040200,1,27123040200,White Bear Lake,0,1,2121,0.056,0.012
123,41700,27123041700,2,27123041700,Roseville,0,0,3014,0.174,0.074
139,80600,27139080600,2,27139080600,Shakopee,0,0,4644,0.288,0.088
139,80903,27139080903,0,27139080903,Prior Lake,1,0,8633,0.192,0.024
139,80904,27139080904,1,27139080904,Prior Lake,0,0,7726,0.103,0.029
139,80906,27139080906,0,27139080906,Prior Lake,0,0,5555,0.066,0.023
139,80905,27139080905,0,27139080905,Prior Lake,1,0,5579,0.073,0.044
123,41500,27123041500,2,27123041500,Roseville,0,0,5364,0.148,0.008
123,42301,27123042301,1,27123042301,Maplewood,0,0,3107,0.269,0.001
123,41601,27123041601,2,27123041601,Roseville,0,0,6443,0.28,0.08
123,42302,27123042302,5,27123042302,Maplewood,1,0,4985,0.454,0.127
123,31500,27123031500,0,27123031500,St. Paul,1,1,3140,0.765,0.12
123,32100,27123032100,0,27123032100,St. Paul,1,1,3211,0.343,0.124
123,32200,27123032200,8,27123032200,St. Paul,0,0,2622,0.225,0.036
123,37200,27123037200,3,27123037200,St. Paul,1,1,6355,0.62,0.391
123,31000,27123031000,3,27123031000,St. Paul,1,1,4824,0.759,0.146
123,31801,27123031801,8,27123031801,St. Paul,1,1,5234,0.705,0.177
123,30900,27123030900,8,27123030900,St. Paul,1,1,4154,0.742,0.249
123,42602,27123042602,0,27123042602,North St. Paul,0,0,2384,0.259,0.046
123,40402,27123040402,8,27123040402,White Bear Lake,0,0,5520,0.141,0.068
123,31802,27123031802,8,27123031802,St. Paul,1,1,4082,0.575,0.192
123,37403,27123037403,3,27123037403,St. Paul,1,1,6752,0.621,0.023
123,33300,27123033300,2,27123033300,St. Paul,0,0,3352,0.242,0.063
123,37402,27123037402,6,27123037402,St. Paul,1,0,3943,0.51,0.079
123,30702,27123030702,7,27123030702,St. Paul,1,1,5256,0.533,0.134
123,41106,27123041106,3,27123041106,New Brighton,0,0,3899,0.218,0.049
139,81300,27139081300,5,27139081300,Belle Plaine,0,0,9113,0.082,0.036
139,81100,27139081100,5,27139081100,Elko New Market,0,0,11674,0.047,0.008
139,80203,27139080203,2,27139080203,Savage,0,0,7777,0.348,0.039
139,81000,27139081000,0,27139081000,Credit River Township,0,0,8880,0.05,0.007
139,80205,27139080205,0,27139080205,Savage,0,0,9483,0.167,0.039
139,81200,27139081200,0,27139081200,New Prague,0,0,6672,0.108,0.038
139,80700,27139080700,0,27139080700,Jackson Township,0,0,3241,0.24,0.163
139,80800,27139080800,0,27139080800,Jordan,0,0,8941,0.168,0.111
139,80301,27139080301,0,27139080301,Shakopee,0,0,12156,0.391,0.106
139,80201,27139080201,0,27139080201,Savage,0,0,3084,0.118,0.01
123,41400,27123041400,3,27123041400,Roseville,0,0,5824,0.204,0.028
123,41104,27123041104,2,27123041104,New Brighton,0,0,3286,0.07,0.015
123,40705,27123040705,1,27123040705,Shoreview,0,0,4250,0.189,0.033
123,41302,27123041302,3,27123041302,Roseville,0,0,4480,0.222,0.039
123,35800,27123035800,3,27123035800,St. Paul,0,0,3032,0.222,0.068
123,40803,27123040803,1,27123040803,Arden Hills,0,0,5069,0.072,0.02
123,42402,27123042402,2,27123042402,Maplewood,1,1,6286,0.396,0.069
123,41001,27123041001,1,27123041001,Mounds View,0,0,3522,0.132,0.034
123,37000,27123037000,2,27123037000,St. Paul,0,0,2902,0.25,0.178
123,36100,27123036100,8,27123036100,St. Paul,1,1,1850,0.876,0.263
123,37601,27123037601,3,27123037601,St. Paul,0,0,4152,0.136,0.044
123,41105,27123041105,3,27123041105,New Brighton,0,0,5975,0.127,0.03
123,40601,27123040601,1,27123040601,North Oaks,0,0,5918,0.101,0.024
123,40604,27123040604,1,27123040604,Vadnais Heights,0,0,7913,0.266,0.034
123,31600,27123031600,2,27123031600,St. Paul,1,1,4585,0.807,0.126
123,34702,27123034702,8,27123034702,St. Paul,1,1,4198,0.573,0.075
123,33000,27123033000,3,27123033000,St. Paul,1,1,2402,0.741,0.137
123,41800,27123041800,6,27123041800,Roseville,0,0,3819,0.311,0.049
123,42501,27123042501,8,27123042501,Maplewood,0,0,5622,0.361,0.158
123,41103,27123041103,3,27123041103,St. Anthony,0,0,3688,0.306,0.033
123,41107,27123041107,5,27123041107,New Brighton,0,0,6047,0.37,0.068
123,34900,27123034900,3,27123034900,St. Paul,0,0,5421,0.069,0.028
123,42002,27123042002,3,27123042002,Lauderdale,0,0,2442,0.31,0.022
123,35200,27123035200,3,27123035200,St. Paul,0,0,3435,0.085,0.036
123,35300,27123035300,3,27123035300,St. Paul,0,0,4082,0.148,0.014
123,30602,27123030602,2,27123030602,St. Paul,0,0,4272,0.429,0.066
123,33100,27123033100,3,27123033100,St. Paul,1,1,1776,0.655,0.226
123,33200,27123033200,2,27123033200,St. Paul,1,0,4062,0.311,0.025
123,42001,27123042001,0,27123042001,Falcon Heights,1,1,1927,0.42,0.012
123,42202,27123042202,0,27123042202,Maplewood,0,0,5655,0.391,0.105
123,40502,27123040502,6,27123040502,White Bear Lake,0,1,2782,0.064,0.031
123,30400,27123030400,3,27123030400,St. Paul,1,1,6271,0.712,0.13
123,36300,27123036300,3,27123036300,St. Paul,0,0,3792,0.094,0.02
123,30800,27123030800,2,27123030800,St. Paul,1,1,5322,0.702,0.085
123,36600,27123036600,1,27123036600,St. Paul,0,0,4678,0.09,0.031
123,32400,27123032400,8,27123032400,St. Paul,1,1,3178,0.668,0.051
123,32300,27123032300,2,27123032300,St. Paul,0,0,3618,0.306,0.11
123,31300,27123031300,8,27123031300,St. Paul,1,1,2599,0.778,0.106
123,36000,27123036000,2,27123036000,St. Paul,0,0,2576,0.258,0.051
123,42700,27123042700,8,27123042700,North St. Paul,0,0,5440,0.304,0.03
123,30703,27123030703,3,27123030703,St. Paul,1,1,4004,0.639,0.033
123,30500,27123030500,0,27123030500,St. Paul,1,1,6404,0.805,0.071
123,34602,27123034602,8,27123034602,St. Paul,1,1,4511,0.725,0.238
123,35500,27123035500,3,27123035500,St. Paul,0,0,2315,0.158,0.048
123,33700,27123033700,2,27123033700,St. Paul,1,1,1930,0.82,0.031
123,30704,27123030704,6,27123030704,St. Paul,1,1,4665,0.692,0.192
123,32500,27123032500,8,27123032500,St. Paul,1,1,4669,0.732,0.169
123,33900,27123033900,8,27123033900,St. Paul,1,0,1523,0.575,0.014
123,33600,27123033600,8,27123033600,St. Paul,1,1,1580,0.978,0.013
123,34701,27123034701,6,27123034701,St. Paul,1,1,4520,0.663,0.111
123,35900,27123035900,8,27123035900,St. Paul,1,0,1164,0.329,0.06
123,33400,27123033400,6,27123033400,St. Paul,1,1,3616,0.413,0.075
123,31200,27123031200,8,27123031200,St. Paul,1,0,3040,0.418,0.08
123,32600,27123032600,8,27123032600,St. Paul,1,1,3697,0.788,0.104
123,37500,27123037500,8,27123037500,St. Paul,0,0,5304,0.198,0.04
123,32700,27123032700,5,27123032700,St. Paul,1,1,2766,0.834,0.09
123,34601,27123034601,5,27123034601,St. Paul,1,1,5340,0.705,0.081
123,33500,27123033500,3,27123033500,St. Paul,1,1,3533,0.802,0.029
123,42201,27123042201,8,27123042201,Maplewood,1,0,1519,0.499,0.024
123,36900,27123036900,3,27123036900,St. Paul,0,0,2685,0.215,0.069
123,34000,27123034000,0,27123034000,St. Paul,1,0,1708,0.216,0.035
123,34500,27123034500,2,27123034500,St. Paul,1,1,4360,0.656,0.089
123,41301,27123041301,8,27123041301,Roseville,0,0,3750,0.25,0.005
123,41002,27123041002,7,27123041002,Mounds View,0,0,3488,0.344,0.02
123,35000,27123035000,8,27123035000,St. Paul,0,0,2768,0.117,0.021
123,36400,27123036400,5,27123036400,St. Paul,0,0,4130,0.149,0.042
123,35100,27123035100,3,27123035100,St. Paul,0,1,3575,0.181,0.048
123,36500,27123036500,8,27123036500,St. Paul,0,0,4175,0.084,0.017
123,35700,27123035700,3,27123035700,St. Paul,0,0,2724,0.071,0.03
123,36700,27123036700,2,27123036700,St. Paul,0,0,5532,0.247,0.06
123,36800,27123036800,2,27123036800,St. Paul,1,0,2365,0.275,0.146
123,41200,27123041200,3,27123041200,New Brighton,1,1,4220,0.431,0.171
123,37602,27123037602,2,27123037602,St. Paul,1,0,5216,0.628,0.053
123,42101,27123042101,3,27123042101,Little Canada,0,0,5843,0.33,0.067
123,33800,27123033800,2,27123033800,St. Paul,1,0,1791,0.513,0.082
123,40706,27123040706,2,27123040706,Shoreview,0,0,4931,0.164,0.02
123,40603,27123040603,3,27123040603,Vadnais Heights,0,0,5429,0.142,0.028
123,42601,27123042601,6,27123042601,North St. Paul,0,0,4447,0.397,0.099
123,40301,27123040301,7,27123040301,White Bear Lake,0,0,1819,0.113,0.079
123,31400,27123031400,3,27123031400,St. Paul,1,1,3275,0.751,0.145
123,30601,27123030601,6,27123030601,St. Paul,1,1,6481,0.853,0.124
123,30202,27123030202,1,27123030202,St. Paul,0,0,2155,0.334,0.062
123,31702,27123031702,1,27123031702,St. Paul,1,1,6628,0.866,0.142
123,31701,27123031701,8,27123031701,St. Paul,1,1,3237,0.776,0.081
123,30201,27123030201,3,27123030201,St. Paul,0,0,5472,0.194,0.049
123,34202,27123034202,8,27123034202,St. Paul,0,1,6206,0.296,0.054
123,42504,27123042504,8,27123042504,Maplewood,0,0,4392,0.354,0.036
123,34201,27123034201,3,27123034201,St. Paul,1,0,3710,0.379,0.031
123,42503,27123042503,3,27123042503,Maplewood,0,0,3489,0.292,0.045
123,42800,27123042800,2,27123042800,St. Paul,1,1,2650,0.84,0.035
123,43000,27123043000,3,27123043000,St. Paul,0,0,6927,0.102,0.043
123,42900,27123042900,0,27123042900,St. Paul,0,0,4070,0.18,0.026
123,40902,27123040902,8,27123040902,Mounds View,0,1,4382,0.417,0.171
123,40100,27123040100,1,27123040100,White Bear Township,0,0,7225,0.058,0.021
123,40704,27123040704,1,27123040704,Shoreview,0,0,5840,0.175,0.071
123,34400,27123034400,2,27123034400,St. Paul,1,1,2349,0.486,0.099
123,40703,27123040703,6,27123040703,Shoreview,0,0,7108,0.197,0.016
123,40801,27123040801,0,27123040801,Arden Hills,0,1,3370,0.238,0.062
123,37100,27123037100,2,27123037100,St. Paul,1,1,5355,0.523,0.274
123,40901,27123040901,8,27123040901,Mounds View,0,1,2312,0.294,0.037
123,40707,27123040707,1,27123040707,Shoreview,0,0,4566,0.101,0.008
123,31900,27123031900,2,27123031900,St. Paul,1,1,2816,0.329,0.022
123,41900,27123041900,8,27123041900,Falcon Heights,0,0,3519,0.226,0.021
123,32000,27123032000,2,27123032000,St. Paul,1,0,2842,0.364,0.083
123,40504,27123040504,1,27123040504,White Bear Lake,0,0,4379,0.165,0.065
123,30100,27123030100,5,27123030100,St. Paul,0,0,4917,0.218,0.032
123,40503,27123040503,8,27123040503,White Bear Township,0,0,3451,0.211,0.084
123,40401,27123040401,2,27123040401,White Bear Lake,0,0,3824,0.072,0.031
163,70906,27163070906,3,27163070906,Oakdale,0,0,5067,0.28,0.029
163,70909,27163070909,2,27163070909,Oakdale,0,0,5601,0.205,0.073
163,71012,27163071012,2,27163071012,Woodbury,0,0,5005,0.279,0.066
163,71001,27163071001,2,27163071001,Woodbury,0,0,4980,0.277,0.073
163,71010,27163071010,3,27163071010,Woodbury,0,0,5193,0.163,0.021
163,71017,27163071017,2,27163071017,Woodbury,0,0,8544,0.314,0.084
163,71006,27163071006,0,27163071006,Woodbury,0,0,4892,0.317,0.068
163,70601,27163070601,0,27163070601,Stillwater,0,0,6686,0.187,0.074
163,71206,27163071206,1,27163071206,Cottage Grove,0,0,10825,0.231,0.049
163,70602,27163070602,1,27163070602,Stillwater,0,0,2838,0.034,0.017
163,71018,27163071018,2,27163071018,Woodbury,0,0,19577,0.227,0.036
163,71014,27163071014,1,27163071014,Woodbury,0,0,4294,0.169,0.063
163,71209,27163071209,0,27163071209,Cottage Grove,0,0,5990,0.204,0.055
163,71015,27163071015,1,27163071015,Woodbury,0,0,6719,0.228,0.011
163,71016,27163071016,1,27163071016,Woodbury,0,0,4528,0.172,0.024
163,70801,27163070801,0,27163070801,Bayport,0,0,1471,0.655,0.041
163,70912,27163070912,0,27163070912,Oakdale,1,0,3068,0.332,0.043
163,70911,27163070911,0,27163070911,Oakdale,0,0,4749,0.315,0.083
163,71400,27163071400,1,27163071400,Cottage Grove,0,0,7712,0.221,0.048
163,70502,27163070502,1,27163070502,Stillwater,0,0,4172,0.111,0.043
163,70701,27163070701,4,27163070701,West Lakeland Township,0,0,7493,0.052,0.008
163,71011,27163071011,3,27163071011,Woodbury,0,0,2944,0.172,0.013
163,70205,27163070205,0,27163070205,Scandia,0,0,4054,0.01,0
163,70206,27163070206,0,27163070206,May Township,0,0,3427,0.068,0.02
163,70907,27163070907,0,27163070907,Oakdale,0,1,5264,0.294,0.025
163,71102,27163071102,1,27163071102,Afton,0,0,4859,0.046,0.005
163,70103,27163070103,1,27163070103,Forest Lake,0,0,5636,0.21,0.039
163,70703,27163070703,0,27163070703,Oak Park Heights,0,0,3408,0.149,0.029
163,70204,27163070204,0,27163070204,Hugo,0,0,6607,0.09,0.032
163,70501,27163070501,1,27163070501,Stillwater,0,0,3558,0.039,0.022
163,70704,27163070704,0,27163070704,Bayport,0,0,2352,0.073,0.028
163,70910,27163070910,1,27163070910,Oakdale,0,0,4953,0.284,0.1
163,71101,27163071101,1,27163071101,Lakeland,0,0,3510,0.034,0.004
163,70303,27163070303,0,27163070303,Mahtomedi,0,0,4860,0.12,0.013
163,71207,27163071207,0,27163071207,Cottage Grove,0,0,8394,0.133,0.044
163,70106,27163070106,1,27163070106,Forest Lake,0,0,7497,0.145,0.061
163,70203,27163070203,2,27163070203,Hugo,0,0,8781,0.067,0.028
163,71003,27163071003,0,27163071003,Newport,0,0,3675,0.213,0.052
163,70404,27163070404,0,27163070404,Stillwater,0,0,4170,0.046,0.024
163,70105,27163070105,0,27163070105,Forest Lake,0,0,4553,0.05,0.009
163,70104,27163070104,0,27163070104,Forest Lake,0,0,3112,0.092,0.071
163,71208,27163071208,0,27163071208,Cottage Grove,0,0,5184,0.123,0.023
163,71013,27163071013,1,27163071013,Woodbury,0,0,4940,0.204,0.055
163,71300,27163071300,0,27163071300,St. Paul Park,0,0,5600,0.218,0.066
163,70406,27163070406,0,27163070406,Lake Elmo,0,0,6052,0.2,0.125
163,70405,27163070405,1,27163070405,Lake Elmo,0,0,5028,0.048,0.016
163,70301,27163070301,1,27163070301,Dellwood,0,0,1691,0.071,0.014
163,70403,27163070403,1,27163070403,Grant,0,0,3848,0.046,0.019
163,70304,27163070304,1,27163070304,Mahtomedi,0,0,5018,0.051,0.021
53,12001,27053012001,0,27053012001,Minneapolis,0,0,5903,0.188,0.046
53,12101,27053012101,0,27053012101,Minneapolis,1,0,3373,0.469,0.137
53,12102,27053012102,0,27053012102,Minneapolis,0,0,3022,0.233,0.038
53,22301,27053022301,0,27053022301,St. Louis Park,0,0,2333,0.092,0.003
53,26101,27053026101,1,27053026101,Minnetonka,0,0,3479,0.098,0.021
53,26403,27053026403,2,27053026403,Minnetonka,0,0,3359,0.338,0.022
53,26201,27053026201,5,27053026201,Minnetonka,0,0,3162,0.085,0.012
53,26202,27053026202,6,27053026202,Minnetonka,0,0,2920,0.124,0.013
53,26205,27053026205,3,27053026205,Minnetonka,0,0,3425,0.075,0.009
53,20302,27053020302,1,27053020302,Brooklyn Center,1,1,2602,0.641,0.024
53,20303,27053020303,0,27053020303,Brooklyn Center,1,1,4225,0.621,0.121
53,20304,27053020304,2,27053020304,Brooklyn Center,1,1,3634,0.667,0.216
53,20400,27053020400,5,27053020400,Brooklyn Center,1,1,5029,0.571,0.103
53,20500,27053020500,0,27053020500,Brooklyn Center,1,0,3929,0.469,0.169
53,20600,27053020600,0,27053020600,Brooklyn Center,1,0,2236,0.527,0.106
53,26811,27053026811,0,27053026811,Brooklyn Park,1,0,5904,0.614,0.024
53,26807,27053026807,6,27053026807,Brooklyn Park,1,0,5608,0.454,0.114
53,26809,27053026809,6,27053026809,Brooklyn Park,1,1,5222,0.843,0.251
53,26810,27053026810,6,27053026810,Brooklyn Park,1,1,6370,0.664,0.033
53,26206,27053026206,6,27053026206,Minnetonka,0,0,3475,0.075,0.031
53,26207,27053026207,6,27053026207,Minnetonka,0,0,4083,0.172,0.023
53,26208,27053026208,6,27053026208,Minnetonka,0,0,3213,0.154,0.031
53,26301,27053026301,6,27053026301,Minnetonka,0,0,4112,0.095,0.042
53,26302,27053026302,0,27053026302,Minnetonka,0,0,3363,0.028,0.006
53,26812,27053026812,0,27053026812,Brooklyn Park,1,0,8288,0.504,0.036
53,26814,27053026814,8,27053026814,Brooklyn Park,1,0,6711,0.65,0.033
53,26815,27053026815,6,27053026815,Brooklyn Park,1,0,5284,0.604,0.051
53,26816,27053026816,0,27053026816,Brooklyn Park,1,1,6520,0.684,0.071
53,26818,27053026818,0,27053026818,Brooklyn Park,1,1,4796,0.634,0.066
53,25907,27053025907,0,27053025907,Bloomington,0,0,5098,0.13,0.01
53,5902,27053005902,5,27053005902,Minneapolis,1,1,3436,0.766,0.24
53,26903,27053026903,5,27053026903,Champlin,0,0,4462,0.203,0.08
53,104800,27053104800,5,27053104800,Minneapolis,1,1,9106,0.697,0.032
53,26404,27053026404,6,27053026404,Minnetonka,0,0,5911,0.053,0
53,26402,27053026402,6,27053026402,Minnetonka,0,0,6580,0.283,0.004
53,27300,27053027300,1,27053027300,Wayzata,0,0,4672,0.083,0.002
53,27203,27053027203,8,27053027203,Spring Park,0,0,3729,0.062,0.005
53,27700,27053027700,1,27053027700,Minnetrista,0,0,10399,0.041,0.01
53,27601,27053027601,8,27053027601,Mound,0,0,4051,0.074,0.006
53,27602,27053027602,1,27053027602,Mound,0,0,5396,0.062,0.007
53,21501,27053021501,2,27053021501,New Hope,0,0,4626,0.282,0.059
53,26907,27053026907,0,27053026907,Champlin,0,0,5771,0.106,0.009
53,26906,27053026906,1,27053026906,Champlin,0,0,7599,0.137,0.022
53,27102,27053027102,0,27053027102,Corcoran,0,0,6010,0.119,0.048
53,20700,27053020700,3,27053020700,Crystal,0,0,4378,0.222,0.052
53,20801,27053020801,0,27053020801,Crystal,0,0,2138,0.319,0.032
53,20903,27053020903,1,27053020903,Crystal,0,0,3287,0.185,0.02
53,20804,27053020804,0,27053020804,Crystal,1,1,2991,0.418,0.159
53,20902,27053020902,3,27053020902,Crystal,0,0,2213,0.193,0.122
53,21001,27053021001,3,27053021001,Crystal,0,0,5963,0.336,0.038
53,21503,27053021503,2,27053021503,New Hope,0,0,5207,0.379,0.066
53,21505,27053021505,6,27053021505,New Hope,0,0,4899,0.353,0.039
53,26702,27053026702,2,27053026702,Osseo,0,0,2711,0.164,0.021
53,26505,27053026505,3,27053026505,Plymouth,0,0,3536,0.163,0.029
53,26514,27053026514,3,27053026514,Plymouth,0,0,4676,0.362,0.064
53,26509,27053026509,3,27053026509,Plymouth,0,0,4666,0.109,0.044
53,26510,27053026510,3,27053026510,Plymouth,0,0,3586,0.195,0.074
53,26511,27053026511,1,27053026511,Plymouth,0,0,3547,0.394,0.089
53,26605,27053026605,2,27053026605,Plymouth,0,0,4252,0.199,0.014
53,26611,27053026611,1,27053026611,Plymouth,0,0,4739,0.227,0.002
53,26606,27053026606,6,27053026606,Plymouth,0,0,4895,0.147,0.056
53,21002,27053021002,3,27053021002,Crystal,0,0,1991,0.287,0.013
53,105204,27053105204,2,27053105204,Minneapolis,1,0,3059,0.34,0.035
53,105201,27053105201,0,27053105201,Minneapolis,0,0,2557,0.218,0.062
53,26021,27053026021,1,27053026021,Eden Prairie,0,0,4401,0.135,0.011
53,26022,27053026022,0,27053026022,Eden Prairie,0,0,7929,0.213,0.021
53,26019,27053026019,2,27053026019,Eden Prairie,1,0,5205,0.692,0.172
53,24005,27053024005,3,27053024005,Edina,0,0,2696,0.214,0.034
53,26104,27053026104,3,27053026104,Minnetonka,0,0,4291,0.257,0.005
53,24006,27053024006,0,27053024006,Edina,0,0,2230,0.123,0.026
53,26609,27053026609,8,27053026609,Plymouth,0,0,3042,0.139,0.089
53,24100,27053024100,0,27053024100,Richfield,0,0,3331,0.267,0.081
53,24200,27053024200,5,27053024200,Richfield,0,0,3214,0.179,0.049
53,24300,27053024300,3,27053024300,Richfield,0,0,4539,0.418,0.161
53,26819,27053026819,2,27053026819,Brooklyn Park,1,1,4698,0.81,0.072
53,24400,27053024400,6,27053024400,Richfield,0,0,4250,0.34,0.091
53,24500,27053024500,2,27053024500,Richfield,0,0,2369,0.242,0.065
53,24600,27053024600,0,27053024600,Richfield,0,0,4133,0.357,0.165
53,24700,27053024700,3,27053024700,Richfield,0,0,3362,0.326,0.146
53,24801,27053024801,2,27053024801,Richfield,1,0,2543,0.525,0.296
53,24802,27053024802,2,27053024802,Richfield,1,1,3198,0.617,0.413
53,24902,27053024902,6,27053024902,Richfield,1,0,2437,0.458,0.227
53,26020,27053026020,8,27053026020,Eden Prairie,0,1,4385,0.376,0.062
53,26613,27053026613,3,27053026613,Plymouth,0,0,10529,0.423,0.057
53,26612,27053026612,1,27053026612,Plymouth,0,0,11018,0.255,0.044
53,26823,27053026823,6,27053026823,Brooklyn Park,1,0,4520,0.426,0.006
53,26822,27053026822,3,27053026822,Brooklyn Park,0,0,5143,0.316,0.016
53,26103,27053026103,0,27053026103,Minnetonka,0,0,2768,0.189,0.033
53,125900,27053125900,0,27053125900,Minneapolis,1,1,4665,0.809,0.382
53,24903,27053024903,2,27053024903,Richfield,1,1,2422,0.637,0.383
53,21200,27053021200,2,27053021200,Robbinsdale,0,0,4633,0.265,0.126
53,24004,27053024004,0,27053024004,Edina,0,0,4653,0.32,0.05
53,21400,27053021400,8,27053021400,Robbinsdale,0,0,3300,0.268,0.007
53,20101,27053020101,8,27053020101,St. Anthony,0,0,3242,0.181,0.009
53,20102,27053020102,2,27053020102,St. Anthony,0,0,2090,0.099,0.069
53,22000,27053022000,3,27053022000,St. Louis Park,0,0,2179,0.154,0.04
53,22101,27053022101,3,27053022101,St. Louis Park,0,0,2954,0.303,0.078
53,22102,27053022102,2,27053022102,St. Louis Park,0,0,2631,0.241,0.043
53,22200,27053022200,3,27053022200,St. Louis Park,0,0,4796,0.131,0.023
53,22302,27053022302,3,27053022302,St. Louis Park,0,0,3018,0.232,0.078
53,22400,27053022400,2,27053022400,St. Louis Park,0,0,3887,0.189,0.017
53,126000,27053126000,3,27053126000,Minneapolis,1,1,5066,0.788,0.213
53,125800,27053125800,1,27053125800,Minneapolis,1,1,5286,0.739,0.357
53,125700,27053125700,3,27053125700,Minneapolis,1,1,3721,0.815,0.154
53,125600,27053125600,2,27053125600,Minneapolis,0,0,4300,0.274,0.031
53,126200,27053126200,8,27053126200,Minneapolis,0,0,9695,0.265,0.06
53,126100,27053126100,8,27053126100,Minneapolis,0,0,10519,0.418,0.04
53,21100,27053021100,3,27053021100,Robbinsdale,0,0,1972,0.265,0.046
53,21300,27053021300,8,27053021300,Robbinsdale,0,0,4836,0.403,0.184
53,21502,27053021502,3,27053021502,New Hope,1,1,4183,0.542,0.083
53,21504,27053021504,2,27053021504,New Hope,0,0,3755,0.265,0.07
53,21602,27053021602,3,27053021602,Golden Valley,0,0,6196,0.139,0.043
53,26908,27053026908,3,27053026908,Champlin,0,0,6399,0.222,0.011
53,27400,27053027400,0,27053027400,Deephaven,0,0,4239,0.035,0.018
53,27501,27053027501,0,27053027501,Excelsior,0,0,4851,0.119,0.078
53,26820,27053026820,6,27053026820,Brooklyn Park,0,0,13380,0.41,0.023
53,125500,27053125500,8,27053125500,Bloomington,0,0,3834,0.351,0.095
53,122600,27053122600,3,27053122600,St. Louis Park,0,0,2254,0.106,0.037
53,22700,27053022700,3,27053022700,St. Louis Park,0,0,4024,0.288,0.092
53,26014,27053026014,1,27053026014,Eden Prairie,0,0,5424,0.161,0.031
53,22801,27053022801,0,27053022801,St. Louis Park,0,0,2143,0.107,0.018
53,22802,27053022802,0,27053022802,St. Louis Park,0,0,3721,0.207,0.092
53,22901,27053022901,2,27053022901,St. Louis Park,0,0,5632,0.131,0.028
53,22902,27053022902,3,27053022902,St. Louis Park,0,0,1897,0.096,0.049
53,24003,27053024003,2,27053024003,Edina,0,1,4913,0.367,0.052
53,26005,27053026005,3,27053026005,Eden Prairie,0,0,4139,0.245,0.063
53,26006,27053026006,1,27053026006,Eden Prairie,0,0,3059,0.194,0.038
53,26007,27053026007,1,27053026007,Eden Prairie,0,0,5196,0.272,0.031
53,26018,27053026018,3,27053026018,Eden Prairie,0,0,7220,0.231,0.025
53,26015,27053026015,0,27053026015,Eden Prairie,0,0,5634,0.275,0.034
53,23100,27053023100,0,27053023100,Edina,0,0,1934,0.1,0.006
53,23400,27053023400,2,27053023400,Hopkins,1,1,6390,0.434,0.132
53,23501,27053023501,3,27053023501,Edina,0,0,3727,0.106,0.01
53,23000,27053023000,0,27053023000,St. Louis Park,0,0,4754,0.247,0.021
53,100200,27053100200,1,27053100200,Minneapolis,1,0,3735,0.467,0.129
53,27503,27053027503,2,27053027503,Shorewood,0,0,4390,0.072,0.043
53,26909,27053026909,0,27053026909,Rogers,0,0,13966,0.088,0.014
53,26910,27053026910,0,27053026910,Dayton,0,0,6320,0.243,0.134
53,27002,27053027002,0,27053027002,Independence,0,0,5601,0.118,0.044
53,27504,27053027504,0,27053027504,Shorewood,0,0,3508,0.055,0.015
53,26016,27053026016,1,27053026016,Eden Prairie,0,0,7277,0.27,0.047
53,101900,27053101900,6,27053101900,Minneapolis,0,0,2903,0.185,0.008
53,105700,27053105700,2,27053105700,Minneapolis,1,0,3247,0.428,0.052
53,106400,27053106400,3,27053106400,Minneapolis,1,1,1842,0.47,0.012
53,106700,27053106700,6,27053106700,Minneapolis,0,0,5152,0.209,0.037
53,106900,27053106900,5,27053106900,Minneapolis,1,0,2918,0.367,0.08
53,103000,27053103000,5,27053103000,Minneapolis,0,0,2004,0.281,0.082
53,23502,27053023502,3,27053023502,Edina,0,0,6403,0.061,0.012
53,23600,27053023600,5,27053023600,Edina,0,0,3991,0.072,0.026
53,23700,27053023700,3,27053023700,Edina,0,0,5269,0.115,0.022
53,23801,27053023801,1,27053023801,Edina,0,0,5391,0.09,0.022
53,23802,27053023802,1,27053023802,Edina,0,0,2893,0.196,0.015
53,23901,27053023901,1,27053023901,Edina,0,0,3654,0.055,0.017
53,23902,27053023902,2,27053023902,Edina,0,0,2062,0.167,0.05
53,103100,27053103100,2,27053103100,Minneapolis,1,0,2213,0.293,0.08
53,103600,27053103600,1,27053103600,Minneapolis,0,0,3124,0.161,0.033
53,2200,27053002200,0,27053002200,Minneapolis,1,1,1519,0.859,0.053
53,103900,27053103900,8,27053103900,Minneapolis,1,1,4075,0.303,0.051
53,104000,27053104000,5,27053104000,Minneapolis,1,1,6681,0.313,0.067
53,2400,27053002400,2,27053002400,Minneapolis,0,0,2869,0.265,0.066
53,104100,27053104100,8,27053104100,Minneapolis,1,1,3453,0.628,0.088
53,103700,27053103700,5,27053103700,Minneapolis,1,0,4696,0.222,0.047
53,2700,27053002700,5,27053002700,Minneapolis,1,1,2874,0.815,0.085
53,104400,27053104400,3,27053104400,Minneapolis,1,1,2746,0.379,0.072
53,103400,27053103400,8,27053103400,Minneapolis,1,1,2915,0.897,0.082
53,3200,27053003200,3,27053003200,Minneapolis,1,1,1933,0.73,0.086
53,24901,27053024901,8,27053024901,Richfield,1,1,1063,0.549,0.082
53,21601,27053021601,5,27053021601,Golden Valley,0,0,4647,0.22,0.017
53,21700,27053021700,8,27053021700,Golden Valley,0,0,5125,0.111,0.023
53,21800,27053021800,6,27053021800,Golden Valley,0,0,2280,0.114,0.007
53,21900,27053021900,6,27053021900,Golden Valley,0,0,4474,0.146,0.023
53,27001,27053027001,2,27053027001,Greenfield,0,1,3382,0.041,0
53,23200,27053023200,1,27053023200,Hopkins,1,0,6667,0.527,0.094
53,23300,27053023300,1,27053023300,Hopkins,0,0,6498,0.264,0.096
53,3300,27053003300,2,27053003300,Minneapolis,1,1,2404,0.922,0.103
53,105100,27053105100,0,27053105100,Minneapolis,0,0,2722,0.149,0.029
53,104900,27053104900,6,27053104900,Minneapolis,1,1,13717,0.372,0.027
53,3800,27053003800,3,27053003800,Minneapolis,1,1,6502,0.294,0.08
53,105600,27053105600,8,27053105600,Minneapolis,0,0,4543,0.289,0.07
53,106200,27053106200,1,27053106200,Minneapolis,1,1,3717,0.619,0.022
53,105400,27053105400,5,27053105400,Minneapolis,1,1,4234,0.444,0.058
53,108700,27053108700,5,27053108700,Minneapolis,0,0,4229,0.354,0.038
53,110900,27053110900,3,27053110900,Minneapolis,0,0,3526,0.394,0.062
53,109800,27053109800,8,27053109800,Minneapolis,0,0,4321,0.097,0.037
53,27201,27053027201,8,27053027201,Orono,0,0,6889,0.039,0.007
53,27202,27053027202,3,27053027202,Long Lake,0,1,1782,0.085,0.02
53,27101,27053027101,2,27053027101,Medina,0,0,7452,0.122,0.001
53,26508,27053026508,2,27053026508,Plymouth,0,0,5173,0.098,0
53,26706,27053026706,0,27053026706,Maple Grove,0,0,3395,0.1,0.044
53,26707,27053026707,1,27053026707,Maple Grove,0,0,5086,0.097,0.03
53,122500,27053122500,0,27053122500,St. Louis Park,0,0,3611,0.22,0.018
53,111600,27053111600,1,27053111600,Minneapolis,0,0,3143,0.139,0.013
53,105500,27053105500,0,27053105500,Minneapolis,0,0,3960,0.146,0.064
53,5901,27053005901,0,27053005901,Minneapolis,1,1,3302,0.481,0.032
53,106000,27053106000,2,27053106000,Minneapolis,1,1,3517,0.836,0.191
53,106600,27053106600,2,27053106600,Minneapolis,0,0,2236,0.118,0.052
53,106500,27053106500,3,27053106500,Minneapolis,0,0,5192,0.087,0.012
53,6800,27053006800,8,27053006800,Minneapolis,1,0,4361,0.324,0.128
53,107500,27053107500,8,27053107500,Minneapolis,0,0,2019,0.138,0.027
53,26708,27053026708,2,27053026708,Maple Grove,0,0,5292,0.19,0.007
53,26710,27053026710,3,27053026710,Maple Grove,0,0,10993,0.209,0.029
53,26711,27053026711,1,27053026711,Maple Grove,0,0,2923,0.121,0.043
53,26712,27053026712,2,27053026712,Maple Grove,0,1,3176,0.22,0.061
53,26713,27053026713,0,27053026713,Maple Grove,0,0,4095,0.116,0.041
53,107600,27053107600,2,27053107600,Minneapolis,0,0,3602,0.233,0.119
53,108600,27053108600,1,27053108600,Minneapolis,1,0,3048,0.593,0.336
53,108000,27053108000,3,27053108000,Minneapolis,0,0,3833,0.1,0.02
53,7700,27053007700,6,27053007700,Minneapolis,1,0,6213,0.399,0.086
53,7801,27053007801,8,27053007801,Minneapolis,1,1,1924,0.759,0.359
53,8100,27053008100,3,27053008100,Minneapolis,0,0,3547,0.234,0.067
53,8200,27053008200,3,27053008200,Minneapolis,1,1,4681,0.615,0.203
53,8300,27053008300,8,27053008300,Minneapolis,1,1,2442,0.676,0.447
53,8400,27053008400,3,27053008400,Minneapolis,1,1,2885,0.702,0.388
53,8500,27053008500,8,27053008500,Minneapolis,1,1,4593,0.609,0.395
53,108900,27053108900,8,27053108900,Minneapolis,0,1,2341,0.224,0.057
53,109000,27053109000,3,27053109000,Minneapolis,0,0,1806,0.098,0.04
53,109100,27053109100,1,27053109100,Minneapolis,0,0,5100,0.103,0.011
53,109200,27053109200,2,27053109200,Minneapolis,0,0,3609,0.177,0.048
53,109300,27053109300,3,27053109300,Minneapolis,0,0,4272,0.26,0.11
53,26507,27053026507,3,27053026507,Plymouth,0,0,5252,0.158,0.095
53,26512,27053026512,2,27053026512,Plymouth,0,0,6309,0.225,0.067
53,101,27053000101,2,27053000101,Minneapolis,1,1,3287,0.667,0.075
53,102,27053000102,6,27053000102,Minneapolis,1,1,5056,0.618,0.084
53,100500,27053100500,8,27053100500,Minneapolis,0,0,2072,0.221,0.052
53,100400,27053100400,3,27053100400,Minneapolis,1,1,3187,0.727,0.166
53,100700,27053100700,8,27053100700,Minneapolis,1,1,3279,0.583,0.075
53,300,27053000300,6,27053000300,Minneapolis,0,0,3293,0.238,0.025
53,108800,27053108800,3,27053108800,Minneapolis,1,0,3939,0.409,0.139
53,109700,27053109700,2,27053109700,Minneapolis,1,0,2369,0.458,0.22
53,109400,27053109400,6,27053109400,Minneapolis,1,1,2422,0.75,0.333
53,9500,27053009500,6,27053009500,Minneapolis,1,1,3189,0.631,0.312
53,9600,27053009600,8,27053009600,Minneapolis,0,0,3681,0.296,0.088
53,100900,27053100900,6,27053100900,Minneapolis,1,1,5085,0.751,0.121
53,111100,27053111100,3,27053111100,Minneapolis,0,0,3515,0.148,0.026
53,107000,27053107000,8,27053107000,Minneapolis,1,0,4324,0.465,0.186
53,107400,27053107400,6,27053107400,Minneapolis,1,1,1835,0.514,0.255
53,100800,27053100800,8,27053100800,Minneapolis,1,1,4207,0.721,0.016
53,23903,27053023903,1,27053023903,Edina,0,0,3452,0.222,0.021
53,980000,27053980000,8,27053980000,Fort Snelling (Unorganized),1,1,479,0.512,0.295
53,101200,27053101200,2,27053101200,Minneapolis,0,0,4736,0.2,0.083
53,603,27053000603,2,27053000603,Minneapolis,0,0,2866,0.108,0.075
53,601,27053000601,3,27053000601,Minneapolis,0,0,4780,0.254,0.038
53,101300,27053101300,8,27053101300,Minneapolis,1,1,1925,0.89,0.184
53,101600,27053101600,8,27053101600,Minneapolis,1,1,2876,0.782,0.109
53,1100,27053001100,3,27053001100,Minneapolis,0,0,2256,0.297,0.093
53,102000,27053102000,8,27053102000,Minneapolis,1,1,2431,0.655,0.036
53,102500,27053102500,6,27053102500,Minneapolis,1,0,3036,0.397,0.198
53,102100,27053102100,8,27053102100,Minneapolis,1,1,2787,0.884,0.119
53,1700,27053001700,8,27053001700,Minneapolis,1,1,2450,0.425,0.112
53,102300,27053102300,8,27053102300,Minneapolis,1,1,1411,0.824,0.007
53,102600,27053102600,6,27053102600,Minneapolis,1,0,2076,0.381,0.13
53,25100,27053025100,5,27053025100,Bloomington,1,1,3196,0.427,0.131
53,25201,27053025201,6,27053025201,Bloomington,1,1,5048,0.689,0.339
53,25205,27053025205,6,27053025205,Bloomington,0,0,5177,0.411,0.169
53,25301,27053025301,1,27053025301,Bloomington,0,0,3156,0.102,0.033
53,26610,27053026610,0,27053026610,Plymouth,0,0,4647,0.169,0.046
53,25302,27053025302,2,27053025302,Bloomington,0,1,4482,0.35,0.042
53,25401,27053025401,6,27053025401,Bloomington,1,0,4137,0.477,0.227
53,25403,27053025403,5,27053025403,Bloomington,1,0,3989,0.439,0.203
53,101800,27053101800,3,27053101800,Minneapolis,1,1,4014,0.47,0.214
53,102800,27053102800,6,27053102800,Minneapolis,1,1,3025,0.854,0.068
53,102900,27053102900,8,27053102900,Minneapolis,1,1,1242,0.757,0.007
53,110000,27053110000,8,27053110000,Minneapolis,1,1,1808,0.727,0.337
53,109900,27053109900,6,27053109900,Minneapolis,0,0,3947,0.178,0.061
53,110100,27053110100,1,27053110100,Minneapolis,0,0,2885,0.278,0.096
53,110200,27053110200,3,27053110200,Minneapolis,0,0,3726,0.17,0.106
53,110500,27053110500,3,27053110500,Minneapolis,0,0,4925,0.189,0.04
53,110800,27053110800,2,27053110800,Minneapolis,0,0,4320,0.175,0.049
53,110400,27053110400,3,27053110400,Minneapolis,0,0,3477,0.359,0.083
53,10600,27053010600,2,27053010600,Minneapolis,0,0,2832,0.101,0.016
53,26714,27053026714,0,27053026714,Maple Grove,0,0,9799,0.19,0.013
53,25601,27053025601,3,27053025601,Bloomington,0,0,2705,0.197,0.062
53,26715,27053026715,0,27053026715,Maple Grove,0,0,15471,0.199,0.008
53,25603,27053025603,2,27053025603,Bloomington,0,0,4016,0.188,0.041
53,25605,27053025605,2,27053025605,Bloomington,0,0,4022,0.131,0.023
53,25701,27053025701,1,27053025701,Bloomington,0,0,7114,0.221,0.059
53,25702,27053025702,1,27053025702,Bloomington,0,0,5040,0.189,0.011
53,25801,27053025801,1,27053025801,Bloomington,0,0,3384,0.228,0.055
53,25802,27053025802,0,27053025802,Bloomington,0,0,2473,0.123,0.038
53,26716,27053026716,0,27053026716,Maple Grove,0,0,7847,0.159,0.007
53,25803,27053025803,2,27053025803,Bloomington,0,0,3311,0.241,0.052
53,25805,27053025805,0,27053025805,Bloomington,0,0,2917,0.076,0
53,10700,27053010700,2,27053010700,Minneapolis,0,0,2483,0.137,0.032
53,111200,27053111200,1,27053111200,Minneapolis,0,0,3299,0.086,0.017
53,111300,27053111300,2,27053111300,Minneapolis,0,0,4810,0.153,0.036
53,11000,27053011000,2,27053011000,Minneapolis,0,0,3625,0.301,0.082
53,111400,27053111400,2,27053111400,Minneapolis,0,0,3992,0.124,0.022
53,111500,27053111500,2,27053111500,Minneapolis,0,0,5498,0.216,0.044
53,11703,27053011703,2,27053011703,Minneapolis,0,0,4165,0.126,0.023
53,11704,27053011704,2,27053011704,Minneapolis,0,0,3251,0.149,0.057
53,11800,27053011800,2,27053011800,Minneapolis,0,0,4632,0.124,0.045
53,11998,27053011998,2,27053011998,Minneapolis,0,1,4306,0.204,0.038
53,12003,27053012003,2,27053012003,Minneapolis,1,0,5110,0.449,0.161
53,25903,27053025903,2,27053025903,Bloomington,0,0,7162,0.152,0.044
53,26013,27053026013,3,27053026013,Eden Prairie,0,0,4698,0.134,0.008
53,25906,27053025906,6,27053025906,Bloomington,0,0,6198,0.307,0.073
53,25905,27053025905,0,27053025905,Bloomington,0,0,3812,0.113,0.029
53,20200,27053020200,0,27053020200,Brooklyn Center,1,1,8296,0.705,0.187
53,20301,27053020301,1,27053020301,Brooklyn Center,1,0,2771,0.624,0.038
3,50115,27003050115,0,27003050115,Oak Grove,0,0,5847,0.131,0.023
3,50232,27003050232,0,27003050232,Centerville,0,0,4050,0.084,0.013
3,50111,27003050111,0,27003050111,East Bethel,0,0,3751,0.052,0.006
3,50225,27003050225,0,27003050225,Ramsey,0,0,6269,0.063,0.016
3,50227,27003050227,8,27003050227,Ramsey,0,0,4634,0.131,0.036
3,50228,27003050228,6,27003050228,Ramsey,0,0,6485,0.167,0.051
3,51001,27003051001,0,27003051001,Spring Lake Park,0,0,2839,0.265,0.086
37,61401,27037061401,0,27037061401,Ravenna Township,1,0,3134,0.048,0.01
37,61102,27037061102,0,27037061102,Hastings,0,0,4851,0.148,0.038
37,61107,27037061107,0,27037061107,Hastings,0,0,6915,0.025,0.01
37,61106,27037061106,0,27037061106,Hastings,0,0,2997,0.082,0.019
37,61105,27037061105,1,27037061105,Hastings,0,0,2346,0.109,0.073
37,60604,27037060604,3,27037060604,Mendota Heights,0,0,3312,0.078,0.043
37,60605,27037060605,0,27037060605,Mendota Heights,0,0,1729,0.163,0.051
37,60816,27037060816,1,27037060816,Lakeville,0,0,6676,0.15,0.032
37,60201,27037060201,2,27037060201,South St. Paul,0,0,2525,0.221,0.108
37,60202,27037060202,0,27037060202,South St. Paul,0,0,3701,0.177,0.091
37,60301,27037060301,1,27037060301,South St. Paul,0,0,4463,0.229,0.084
3,50505,27003050505,2,27003050505,Anoka,0,0,5809,0.226,0.042
3,50110,27003050110,1,27003050110,East Bethel,0,0,2713,0.045,0.007
3,50217,27003050217,1,27003050217,Andover,0,0,3195,0.052,0.028
3,50221,27003050221,1,27003050221,Andover,0,0,7235,0.065,0.031
3,50222,27003050222,0,27003050222,Andover,0,0,5706,0.092,0.017
37,60814,27037060814,2,27037060814,Lakeville,0,0,6156,0.148,0.04
37,61108,27037061108,2,27037061108,Hastings,0,0,6375,0.123,0.069
37,60507,27037060507,3,27037060507,Inver Grove Heights,0,1,3396,0.172,0.072
37,60502,27037060502,1,27037060502,Inver Grove Heights,0,1,4195,0.269,0.191
37,60509,27037060509,0,27037060509,Inver Grove Heights,0,0,5754,0.241,0.137
37,60503,27037060503,0,27037060503,Inver Grove Heights,0,0,5006,0.24,0.177
37,60508,27037060508,0,27037060508,Inver Grove Heights,0,0,5874,0.212,0.113
37,60302,27037060302,0,27037060302,South St. Paul,0,0,3669,0.204,0.149
37,60401,27037060401,0,27037060401,South St. Paul,0,0,2497,0.268,0.156
37,60402,27037060402,1,27037060402,South St. Paul,0,1,3628,0.377,0.239
37,60505,27037060505,0,27037060505,Inver Grove Heights,0,0,6291,0.3,0.142
37,60101,27037060101,1,27037060101,West St. Paul,0,0,4030,0.322,0.193
37,60102,27037060102,0,27037060102,West St. Paul,0,1,2993,0.321,0.174
37,60103,27037060103,2,27037060103,West St. Paul,0,0,2799,0.157,0.12
37,60104,27037060104,0,27037060104,West St. Paul,0,0,5756,0.294,0.185
37,60105,27037060105,0,27037060105,West St. Paul,1,1,5627,0.53,0.352
3,50235,27003050235,0,27003050235,Ham Lake,0,0,3039,0.087,0
3,50234,27003050234,3,27003050234,Ham Lake,0,0,3219,0.103,0.01
3,50229,27003050229,3,27003050229,Lino Lakes,0,0,5501,0.165,0.031
3,50710,27003050710,5,27003050710,Coon Rapids,0,0,3573,0.246,0.049
3,50709,27003050709,2,27003050709,Coon Rapids,0,0,2539,0.171,0.008
3,50711,27003050711,6,27003050711,Coon Rapids,0,0,4996,0.121,0.015
37,60506,27037060506,3,27037060506,Inver Grove Heights,0,0,5625,0.203,0.081
37,60603,27037060603,0,27037060603,Mendota Heights,0,0,4792,0.058,0.022
37,60729,27037060729,1,27037060729,Eagan,0,0,4102,0.143,0.008
37,60727,27037060727,3,27037060727,Eagan,0,0,3507,0.318,0.079
37,60735,27037060735,6,27037060735,Eagan,0,1,5206,0.339,0.036
37,60725,27037060725,1,27037060725,Eagan,0,1,3723,0.41,0.055
3,50610,27003050610,0,27003050610,Coon Rapids,0,0,6825,0.202,0.027
3,50816,27003050816,0,27003050816,Blaine,0,0,6360,0.185,0.009
3,50821,27003050821,3,27003050821,Blaine,0,0,4900,0.25,0.024
3,50401,27003050401,2,27003050401,Anoka,0,0,3031,0.111,0.012
3,50819,27003050819,0,27003050819,Blaine,0,0,5336,0.196,0.045
3,50820,27003050820,2,27003050820,Blaine,0,0,3298,0.15,0.035
3,50818,27003050818,1,27003050818,Blaine,0,0,6918,0.208,0.029
19,90200,27019090200,0,27019090200,Mayer,0,0,4554,0.044,0.013
19,91100,27019091100,2,27019091100,Carver,0,0,7183,0.085,0.027
37,60738,27037060738,1,27037060738,Burnsville,0,0,3490,0.293,0.076
37,60742,27037060742,2,27037060742,Burnsville,0,0,3714,0.181,0.02
37,61004,27037061004,0,27037061004,Rosemount,0,0,6457,0.128,0.013
37,61005,27037061005,1,27037061005,Rosemount,0,0,2469,0.236,0.029
37,61007,27037061007,0,27037061007,Rosemount,0,0,4932,0.131,0.034
37,60817,27037060817,0,27037060817,Lakeville,0,0,10352,0.209,0.069
37,60819,27037060819,0,27037060819,Lakeville,0,0,6367,0.191,0.07
37,60818,27037060818,0,27037060818,Lakeville,0,0,8966,0.181,0.082
37,60902,27037060902,0,27037060902,Farmington,0,0,4669,0.081,0.005
3,50402,27003050402,0,27003050402,Anoka,0,1,3906,0.113,0.029
3,50237,27003050237,2,27003050237,Lino Lakes,0,0,5808,0.062,0.014
3,50236,27003050236,1,27003050236,Lino Lakes,0,0,4628,0.093,0.022
3,51600,27003051600,0,27003051600,Linwood Township,0,0,5451,0.041,0.004
19,90701,27019090701,0,27019090701,Chanhassen,0,0,7110,0.186,0.041
19,90402,27019090402,0,27019090402,Victoria,0,0,7178,0.057,0.018
19,90800,27019090800,1,27019090800,Chaska,0,0,9587,0.14,0.083
19,90401,27019090401,0,27019090401,Victoria,0,0,7298,0.076,0.024
19,90702,27019090702,0,27019090702,Chanhassen,0,0,3498,0.166,0.013
19,90900,27019090900,0,27019090900,Chaska,0,0,5410,0.133,0.07
37,61501,27037061501,0,27037061501,Eureka Township,0,0,2484,0.037,0.025
37,60748,27037060748,0,27037060748,Burnsville,0,0,3550,0.392,0
37,60750,27037060750,1,27037060750,Eagan,0,0,4364,0.352,0.114
37,60744,27037060744,2,27037060744,Eagan,0,1,1645,0.198,0.028
37,60743,27037060743,0,27037060743,Eagan,1,0,1492,0.587,0.119
37,60745,27037060745,5,27037060745,Burnsville,0,0,4419,0.359,0.088
37,60746,27037060746,2,27037060746,Burnsville,0,0,3478,0.257,0.145
37,60907,27037060907,1,27037060907,Farmington,0,0,7829,0.148,0.042
19,90503,27019090503,0,27019090503,Chanhassen,0,0,2676,0.084,0.01
19,90302,27019090302,0,27019090302,Waconia,0,0,6544,0.048,0.039
19,90502,27019090502,0,27019090502,Chanhassen,0,0,3193,0.065,0.01
19,90501,27019090501,0,27019090501,Chanhassen,0,0,2851,0.101,0.039
19,91201,27019091201,0,27019091201,Norwood Young America,0,0,5164,0.07,0.011
19,91202,27019091202,1,27019091202,Cologne,0,0,3043,0.135,0.035
37,60905,27037060905,0,27037060905,Farmington,0,0,5605,0.112,0.039
37,60906,27037060906,1,27037060906,Farmington,0,0,3342,0.111,0.051
37,61008,27037061008,0,27037061008,Rosemount,0,0,2269,0.179,0.078
37,60829,27037060829,2,27037060829,Apple Valley,0,0,3528,0.42,0.044
37,61009,27037061009,2,27037061009,Rosemount,0,0,6794,0.174,0.044
37,60904,27037060904,0,27037060904,Farmington,0,0,3643,0.107,0.039
37,60747,27037060747,1,27037060747,Burnsville,0,0,3821,0.309,0.108
37,60749,27037060749,1,27037060749,Eagan,0,0,1639,0.302,0.063
37,60828,27037060828,2,27037060828,Apple Valley,0,0,4684,0.336,0.029
19,91000,27019091000,2,27019091000,Chaska,0,0,11598,0.262,0.109
19,90301,27019090301,1,27019090301,Waconia,0,0,7319,0.041,0.012
19,90100,27019090100,0,27019090100,Watertown,0,0,6030,0.037,0.021
19,90601,27019090601,0,27019090601,Chanhassen,0,0,3898,0.102,0.052
19,90602,27019090602,0,27019090602,Chanhassen,0,0,3045,0.104,0.03
3,50219,27003050219,0,27003050219,Andover,0,0,3074,0.144,0.049
3,50230,27003050230,0,27003050230,Lino Lakes,0,0,2832,0.129,0.017
3,50216,27003050216,0,27003050216,Ham Lake,0,0,6076,0.083,0.001
3,50220,27003050220,0,27003050220,Andover,0,0,6932,0.184,0.089
3,50208,27003050208,0,27003050208,Andover,0,0,3346,0.239,0.046
3,50707,27003050707,1,27003050707,Coon Rapids,0,1,6381,0.091,0.014
3,50226,27003050226,1,27003050226,Ramsey,0,0,3242,0.116,0.011
3,50218,27003050218,0,27003050218,Andover,0,0,3374,0.035,0
3,50107,27003050107,0,27003050107,St. Francis,0,0,3034,0.04,0
3,50501,27003050501,1,27003050501,Anoka,0,1,3517,0.191,0.089
37,60714,27037060714,2,27037060714,Burnsville,0,0,4639,0.272,0.059
3,50504,27003050504,0,27003050504,Anoka,0,0,2485,0.173,0.023
3,50114,27003050114,2,27003050114,Oak Grove,0,0,3021,0.032,0
3,50805,27003050805,0,27003050805,Blaine,0,0,7022,0.211,0.057
3,50806,27003050806,1,27003050806,Blaine,0,0,7351,0.243,0.012
3,50807,27003050807,1,27003050807,Blaine,1,1,3613,0.267,0.091
3,50808,27003050808,2,27003050808,Blaine,0,0,2244,0.126,0.045
3,50809,27003050809,3,27003050809,Blaine,0,0,6257,0.34,0.072
3,50810,27003050810,2,27003050810,Blaine,0,1,4626,0.289,0.132
3,50811,27003050811,3,27003050811,Blaine,0,0,2923,0.164,0.024
3,50813,27003050813,3,27003050813,Blaine,0,0,7087,0.231,0.081
3,50901,27003050901,3,27003050901,Lexington,0,1,2360,0.198,0.043
3,50223,27003050223,2,27003050223,Ramsey,0,0,2913,0.052,0.012
3,50108,27003050108,2,27003050108,St. Francis,0,0,5525,0.129,0.06
3,50902,27003050902,0,27003050902,Circle Pines,0,0,5061,0.115,0.018
3,51203,27003051203,0,27003051203,Fridley,0,0,5781,0.366,0.118
3,50116,27003050116,1,27003050116,Nowthen,0,0,4771,0.107,0.033
3,51302,27003051302,2,27003051302,Columbia Heights,0,1,4395,0.394,0.111
3,51304,27003051304,6,27003051304,Columbia Heights,1,0,2417,0.411,0.176
3,51400,27003051400,6,27003051400,Columbia Heights,0,0,5614,0.433,0.108
3,51501,27003051501,6,27003051501,Columbia Heights,1,1,3159,0.39,0.08
3,51502,27003051502,5,27003051502,Columbia Heights,0,0,3107,0.358,0.1
3,50210,27003050210,3,27003050210,Columbus,0,0,4067,0.13,0.021
3,50602,27003050602,0,27003050602,Coon Rapids,0,0,2476,0.2,0.013
37,60826,27037060826,1,27037060826,Apple Valley,0,0,9220,0.206,0.034
37,61003,27037061003,0,27037061003,Rosemount,0,0,2275,0.056,0.006
3,50605,27003050605,2,27003050605,Coon Rapids,0,0,6107,0.142,0.017
3,50606,27003050606,2,27003050606,Coon Rapids,0,0,2143,0.178,0.049
3,50607,27003050607,3,27003050607,Coon Rapids,0,1,4578,0.219,0.035
3,50608,27003050608,2,27003050608,Coon Rapids,0,0,4490,0.255,0.083
3,50702,27003050702,6,27003050702,Coon Rapids,0,0,3164,0.225,0.045
3,50704,27003050704,2,27003050704,Coon Rapids,0,0,4874,0.175,0.041
37,60825,27037060825,3,27037060825,Apple Valley,0,0,6926,0.098,0.025
37,60823,27037060823,0,27037060823,Apple Valley,0,0,4732,0.193,0.031
37,60824,27037060824,1,27037060824,Apple Valley,0,0,3622,0.176,0.014
37,60805,27037060805,1,27037060805,Apple Valley,1,0,3161,0.504,0.24
37,60806,27037060806,4,27037060806,Apple Valley,0,0,5714,0.216,0.084
37,60811,27037060811,0,27037060811,Apple Valley,0,1,5536,0.229,0.087
37,60822,27037060822,2,27037060822,Apple Valley,0,0,1384,0.072,0.026
37,60812,27037060812,0,27037060812,Apple Valley,0,0,5899,0.331,0.108
37,60739,27037060739,1,27037060739,Burnsville,0,1,5812,0.382,0.186
3,50712,27003050712,3,27003050712,Coon Rapids,0,0,4430,0.264,0.05
3,50706,27003050706,1,27003050706,Coon Rapids,0,0,3600,0.259,0.005
3,50609,27003050609,3,27003050609,Coon Rapids,0,0,3792,0.057,0.009
3,50224,27003050224,2,27003050224,Ramsey,0,0,3720,0.131,0.042
3,51002,27003051002,0,27003051002,Spring Lake Park,0,0,3669,0.249,0.039
3,51101,27003051101,3,27003051101,Fridley,0,0,5280,0.306,0.098
3,51102,27003051102,3,27003051102,Fridley,0,1,4627,0.335,0.208
3,51103,27003051103,6,27003051103,Fridley,1,0,3481,0.464,0.084
37,60741,27037060741,4,27037060741,Burnsville,0,1,6912,0.422,0.088
37,60709,27037060709,0,27037060709,Burnsville,0,0,5782,0.28,0.052
37,60710,27037060710,1,27037060710,Burnsville,0,0,4502,0.372,0.084
37,60711,27037060711,4,27037060711,Burnsville,1,1,4617,0.256,0.042
37,60713,27037060713,0,27037060713,Burnsville,0,0,3157,0.166,0.048
37,61502,27037061502,0,27037061502,Northfield,0,0,2912,0.064,0.013
37,61402,27037061402,0,27037061402,Hampton Township,0,0,3805,0.028,0.01
37,61001,27037061001,0,27037061001,Empire Township,0,0,4219,0.049,0.014
37,60731,27037060731,0,27037060731,Eagan,0,0,5148,0.147,0.05
37,60737,27037060737,2,27037060737,Burnsville,0,1,4892,0.229,0.091
3,51201,27003051201,6,27003051201,Fridley,1,0,4013,0.511,0.067
3,51202,27003051202,3,27003051202,Fridley,0,0,3642,0.353,0.121
3,51206,27003051206,3,27003051206,Fridley,0,0,2550,0.284,0.129
3,51305,27003051305,6,27003051305,Columbia Heights,1,1,3226,0.547,0.196
3,50109,27003050109,0,27003050109,East Bethel,0,0,5720,0.07,0.02
3,50233,27003050233,0,27003050233,Lino Lakes,0,0,3226,0.041,0
3,50215,27003050215,0,27003050215,Ham Lake,0,0,4372,0.119,0.018
37,60716,27037060716,0,27037060716,Eagan,0,0,3798,0.275,0.065
37,60717,27037060717,2,27037060717,Eagan,0,0,2365,0.286,0.031
37,60733,27037060733,0,27037060733,Eagan,0,0,3968,0.264,0.024
37,60730,27037060730,0,27037060730,Eagan,0,0,6355,0.147,0.058
37,60732,27037060732,0,27037060732,Eagan,0,0,5881,0.107,0.013
37,60726,27037060726,3,27037060726,Eagan,0,1,2875,0.375,0.074
37,60734,27037060734,0,27037060734,Eagan,0,0,4779,0.261,0.088
37,60721,27037060721,2,27037060721,Eagan,0,0,2866,0.402,0.087
37,60813,27037060813,0,27037060813,Lakeville,0,0,4657,0.133,0.021
37,60815,27037060815,0,27037060815,Lakeville,0,0,5402,0.123,0.039
37,60820,27037060820,0,27037060820,Lakeville,0,0,8464,0.109,0.021
37,60821,27037060821,0,27037060821,Lakeville,0,0,8791,0.21,0.054
37,60606,27037060606,1,27037060606,Mendota Heights,0,0,3065,0.061,0.015
37,60728,27037060728,0,27037060728,Eagan,0,0,5518,0.233,0.007
,,,0,,,,,,,
,,,0,,,,,,,
,,,0,,,,,,,